{"rollout_rmse":0.23412466049194336,"eef_rollout_rmse":0.046912483870983124,"divergence_timestep":20,"_wandb":{"runtime":29},"_runtime":29,"_timestamp":1.7839800428594258e+09,"_step":1}